Model,Score,Runtime
EEGViT,110.68140265102822,2640.9455890655518
Ours_Pretrained,107.7803735121166,815.8378388881683
