Model,Score,Runtime
Ours_Pretrained,104.96939855134929,842.0896136760712
